<?xml version="1.0" encoding="UTF-8"?>
<Configuration status="WARN">
    <Appenders>
        <Console name="Console" target="SYSTEM_OUT">
            <PatternLayout pattern="%d{HH:mm:ss.SSS} [%t] %-5level - %msg%n"/>
        </Console>
        <File name="File1" fileName="output.log" bufferedIO="true" advertiseURI="file://path/to/output.log" advertise="true"/>
    </Appenders>
    <Loggers>
        <Logger name="com.orders.system" level="trace">
            <AppenderRef ref="File1"/>
        </Logger>
        <Root level="debug">
            <AppenderRef ref="File1"/>
        </Root>
    </Loggers>
</Configuration>